id,name,team,college,hs,positions,from,to,games,approx_value,win_shares,active,jersey_current,jerseys,awards_json,recent_starter_games
nba_bradley_beal,Bradley Beal,LAC,Florida,,SG,2012,2025,0,,0,true,,,{},53
nba_garrett_temple,Garrett Temple,TOR,Louisiana State,,SG,2010,2025,0,,0,true,17,17,{},2
nba_jonas_valančiūnas,Jonas Valančiūnas,DEN,None,,C,2012,2025,0,,0,true,17,17,{},82
nba_demar_derozan,DeMar DeRozan,SAC,Southern California,,SF,2009,2025,0,,0,true,10,10,{},79
nba_kyle_lowry,Kyle Lowry,PHI,Villanova,,PG,2006,2025,0,,0,true,7,7,{},55
nba_anthony_davis,Anthony Davis,DAL,Kentucky,,C,2012,2025,0,,0,true,3,3,{},76
nba_eric_gordon,Eric Gordon,PHI,Indiana,,SF,2008,2025,0,,0,true,23,23,{},24
nba_jrue_holiday,Jrue Holiday,POR,UCLA,,PG,2009,2025,0,,0,true,5,5,{},69
nba_draymond_green,Draymond Green,GS,Michigan State,,PF,2012,2025,0,,0,true,23,23,{},52
nba_harrison_barnes,Harrison Barnes,SA,North Carolina,,SF,2012,2025,0,,0,true,40,40,{},82
nba_stephen_curry,Stephen Curry,GS,Davidson,,PG,2009,2025,0,,0,true,30,30,{},74
nba_klay_thompson,Klay Thompson,DAL,Washington State,,SG,2013,2025,0,,0,true,31,31,{},63
nba_giannis_antetokounmpo,Giannis Antetokounmpo,MIL,None,,PF,2013,2025,0,,0,true,34,34,{},73
nba_khris_middleton,Khris Middleton,WAS,Texas A&M,,SF,2012,2025,0,,0,true,22,22,{},55
nba_jimmy_butler_iii,Jimmy Butler III,GS,Marquette,,SF,2011,2025,0,,0,true,10,10,{},60
nba_doug_mcdermott,Doug McDermott,SAC,Creighton,,SF,2014,2025,0,,0,true,7,7,{},0
nba_dwight_powell,Dwight Powell,DAL,Stanford,,C,2014,2025,0,,0,true,7,7,{},9
nba_james_harden,James Harden,LAC,Arizona State,,SG,2009,2025,0,,0,true,1,1,{},72
nba_clint_capela,Clint Capela,HOU,None,,C,2014,2025,0,,0,true,30,30,{},73
nba_marcus_smart,Marcus Smart,LAL,Oklahoma State,,PG,2014,2025,0,,0,true,36,36,{},20
nba_kelly_olynyk,Kelly Olynyk,SA,Gonzaga,,PF,2013,2025,0,,0,true,8,8,{},27
nba_lebron_james,LeBron James,LAL,None,St. Vincent–St. Mary (OH),SF,2003,2025,0,,0,true,23,23,{},71
nba_kevin_love,Kevin Love,UTA,UCLA,,PF,2008,2025,0,,0,true,42,42,{},5
nba_kyrie_irving,Kyrie Irving,DAL,Duke,,PG,2011,2025,0,,0,true,11,11,{},58
nba_brook_lopez,Brook Lopez,LAC,Stanford,,C,2008,2025,0,,0,true,11,11,{},79
nba_mason_plumlee,Mason Plumlee,CHA,Duke,,C,2013,2025,0,,0,true,22,22,{},10
nba_al_horford,Al Horford,GS,Florida,,C,2007,2025,0,,0,true,,,{},33
nba_dennis_schröder,Dennis Schröder,SAC,None,,PG,2013,2025,0,,0,true,17,17,{},58
nba_nicolas_batum,Nicolas Batum,LAC,None,,PF,2008,2025,0,,0,true,33,33,{},37
nba_damian_lillard,Damian Lillard,POR,Weber State,,PG,2012,2025,0,,0,true,,,{},73
nba_cj_mccollum,CJ McCollum,WAS,Lehigh,,PG,2013,2025,0,,0,true,3,3,{},66
nba_jeff_green,Jeff Green,HOU,Georgetown,,PF,2008,2025,0,,0,true,32,32,{},6
nba_mike_conley,Mike Conley,MIN,Ohio State,,PG,2007,2025,0,,0,true,10,10,{},76
nba_kawhi_leonard,Kawhi Leonard,LAC,San Diego State,,SF,2012,2025,0,,0,true,2,2,{},68
nba_kyle_anderson,Kyle Anderson,UTA,UCLA,,SF,2014,2025,0,,0,true,2,2,{},10
nba_chris_paul,Chris Paul,LAC,Wake Forest,,PG,2005,2025,0,,0,true,3,3,{},17
nba_tobias_harris,Tobias Harris,DET,Tennessee,,SF,2011,2025,0,,0,true,12,12,{},70
nba_nikola_vučević,Nikola Vučević,CHI,Southern California,,C,2011,2025,0,,0,true,9,9,{},74
nba_aaron_gordon,Aaron Gordon,DEN,Arizona,,PF,2014,2025,0,,0,true,32,32,{},73
nba_jordan_clarkson,Jordan Clarkson,NY,Missouri,,SG,2014,2025,0,,0,true,,,{},19
nba_julius_randle,Julius Randle,MIN,Kentucky,,PF,2014,2025,0,,0,true,30,30,{},46
nba_joel_embiid,Joel Embiid,PHI,Kansas,,C,2016,2025,0,,0,true,21,21,{},39
nba_jerami_grant,Jerami Grant,POR,Syracuse,,PF,2014,2025,0,,0,true,9,9,{},54
nba_paul_george,Paul George,PHI,Fresno State,,SF,2010,2025,0,,0,true,8,8,{},74
nba_bismack_biyombo,Bismack Biyombo,SA,None,,C,2011,2025,0,,0,true,,,{},28
nba_tim_hardaway_jr,Tim Hardaway Jr.,DEN,Michigan,,SF,2013,2025,0,,0,true,10,10,{},12
nba_andrew_wiggins,Andrew Wiggins,MIA,Kansas,,SF,2014,2025,0,,0,true,22,22,{},59
nba_zach_lavine,Zach LaVine,SAC,UCLA,,SG,2014,2025,0,,0,true,8,8,{},23
nba_andre_drummond,Andre Drummond,PHI,Connecticut,,C,2012,2025,0,,0,true,1,1,{},10
nba_kentavious_caldwell_pope,Kentavious Caldwell-Pope,MEM,Georgia,,SG,2013,2025,0,,0,true,3,3,{},76
nba_spencer_dinwiddie,Spencer Dinwiddie,CHA,Colorado,,PG,2014,2025,0,,0,true,26,26,{},52
nba_jusuf_nurkić,Jusuf Nurkić,UTA,None,,C,2014,2025,0,,0,true,30,30,{},76
nba_gary_harris,Gary Harris,MIL,Michigan State,,SG,2014,2025,0,,0,true,11,11,{},27
nba_rudy_gobert,Rudy Gobert,MIN,None,,C,2013,2025,0,,0,true,27,27,{},76
nba_dante_exum,Dante Exum,DAL,None,,PG,2017,2025,0,,0,true,,,{},17
nba_joe_ingles,Joe Ingles,MIN,None,,SF,2014,2025,0,,0,true,7,7,{},0
nba_alex_len,Alex Len,NY,Maryland,,C,2013,2025,0,,0,true,21,21,{},0
nba_steven_adams,Steven Adams,HOU,Pittsburgh,,C,2014,2025,0,,0,true,12,12,{},0
nba_kevin_durant,Kevin Durant,HOU,Texas,,PF,2008,2025,0,,0,true,7,7,{},75
nba_kelly_oubre_jr,Kelly Oubre Jr.,PHI,Kansas,,SF,2015,2025,0,,0,true,9,9,{},52
nba_kristaps_porzingis,Kristaps Porzingis,ATL,None,,C,2016,2025,0,,0,true,8,8,{},57
nba_terry_rozier,Terry Rozier,MIA,Louisville,,PG,2015,2025,0,,0,true,2,2,{},60
nba_norman_powell,Norman Powell,MIA,UCLA,,SG,2015,2025,0,,0,true,24,24,{},3
nba_delon_wright,Delon Wright,IND,Utah,,PG,2015,2025,0,,0,true,,,{},2
nba_bobby_portis,Bobby Portis,MIL,Arkansas,,PF,2015,2025,0,,0,true,9,9,{},5
nba_myles_turner,Myles Turner,MIL,Texas,,C,2015,2025,0,,0,true,3,3,{},77
nba_tyus_jones,Tyus Jones,ORL,Duke,,PG,2015,2025,0,,0,true,2,2,{},66
nba_karl_anthony_towns,Karl-Anthony Towns,NY,Kentucky,,PF,2015,2025,0,,0,true,32,32,{},62
nba_pat_connaughton,Pat Connaughton,CHA,Notre Dame,,SG,2015,2025,0,,0,true,21,21,{},3
nba_nikola_jokić,Nikola Jokić,DEN,None,,C,2015,2025,0,,0,true,15,15,{},79
nba_kevon_looney,Kevon Looney,NO,UCLA,,C,2015,2025,0,,0,true,55,55,{},36
nba_larry_nance_jr,Larry Nance Jr.,CLE,Wyoming,,PF,2015,2025,0,,0,true,22,22,{},0
nba_d_angelo_russell,D'Angelo Russell,DAL,Ohio State,,PG,2015,2025,0,,0,true,5,5,{},69
nba_devin_booker,Devin Booker,PHO,Kentucky,,SG,2015,2025,0,,0,true,1,1,{},68
nba_thanasis_antetokounmpo,Thanasis Antetokounmpo,MIL,None,,SF,2019,2025,0,,0,true,43,43,{},0
nba_t_j_mcconnell,T.J. McConnell,IND,Arizona,,PG,2015,2025,0,,0,true,9,9,{},4
nba_dario_šarić,Dario Šarić,SAC,None,,PF,2017,2025,0,,0,true,9,9,{},9
nba_jamal_murray,Jamal Murray,DEN,Kentucky,,PG,2017,2025,0,,0,true,27,27,{},59
nba_kris_dunn,Kris Dunn,LAC,Providence,,PG,2016,2025,0,,0,true,8,8,{},32
nba_brandon_ingram,Brandon Ingram,TOR,Duke,,SF,2016,2025,0,,0,true,3,3,{},64
nba_jaylen_brown,Jaylen Brown,BOS,California,,SG,2016,2025,0,,0,true,7,7,{},70
nba_buddy_hield,Buddy Hield,GS,Oklahoma,,SF,2016,2025,0,,0,true,7,7,{},43
nba_dejounte_murray,Dejounte Murray,NO,Washington,,SG,2017,2025,0,,0,true,5,5,{},78
nba_taurean_prince,Taurean Prince,MIL,Baylor,,SF,2016,2025,0,,0,true,12,12,{},49
nba_domantas_sabonis,Domantas Sabonis,SAC,Gonzaga,,C,2016,2025,0,,0,true,11,11,{},82
nba_jakob_poeltl,Jakob Poeltl,TOR,Utah,,C,2016,2025,0,,0,true,19,19,{},50
nba_ivica_zubac,Ivica Zubac,LAC,None,,C,2016,2025,0,,0,true,40,40,{},68
nba_malcolm_brogdon,Malcolm Brogdon,NY,Virginia,,SG,2016,2025,0,,0,true,5,5,{},25
nba_caris_levert,Caris LeVert,DET,Michigan,,SF,2016,2025,0,,0,true,8,8,{},10
nba_georges_niang,Georges Niang,UTA,Iowa State,,SF,2016,2025,0,,0,true,31,31,{},10
nba_pascal_siakam,Pascal Siakam,IND,New Mexico State,,PF,2016,2025,0,,0,true,43,43,{},80
nba_guerschon_yabusele,Guerschon Yabusele,NY,None,,PF,2022,2025,0,,0,true,28,28,{},0
nba_fred_vanvleet,Fred VanVleet,HOU,Wichita State,,PG,2016,2025,0,,0,true,5,5,{},73
nba_bogdan_bogdanović,Bogdan Bogdanović,LAC,None,,SG,2017,2025,0,,0,true,10,10,{},33
nba_dorian_finney_smith,Dorian Finney-Smith,HOU,Florida,,PF,2016,2025,0,,0,true,2,2,{},56
nba_derrick_jones_jr,Derrick Jones Jr.,LAC,UNLV,,SF,2016,2025,0,,0,true,5,5,{},66
nba_alex_caruso,Alex Caruso,OKC,Texas A&M,,SG,2017,2025,0,,0,true,9,9,{},57
nba_lonzo_ball,Lonzo Ball,CLE,UCLA,,PG,2019,2025,0,,0,true,2,2,{},0
nba_de_aaron_fox,De'Aaron Fox,SA,Kentucky,,PG,2017,2025,0,,0,true,4,4,{},74
nba_dennis_smith_jr,Dennis Smith Jr.,DAL,North Carolina State,,PG,2018,2025,0,,0,true,,,{},2
nba_jayson_tatum,Jayson Tatum,BOS,Duke,,SF,2017,2025,0,,0,true,,,{},74
nba_jonathan_isaac,Jonathan Isaac,ORL,Florida State,,PF,2019,2025,0,,0,true,1,1,{},2
nba_lauri_markkanen,Lauri Markkanen,UTA,Arizona,,PF,2017,2025,0,,0,true,23,23,{},55
nba_malik_monk,Malik Monk,SAC,Kentucky,,SG,2017,2025,0,,0,true,,,{},0
nba_zach_collins,Zach Collins,CHI,Gonzaga,,C,2018,2025,0,,0,true,12,12,{},29
nba_john_collins,John Collins,LAC,Wake Forest,,PF,2017,2025,0,,0,true,20,20,{},66
nba_bam_adebayo,Bam Adebayo,MIA,Kentucky,,C,2017,2025,0,,0,true,13,13,{},71
nba_jarrett_allen,Jarrett Allen,CLE,Texas,,C,2017,2025,0,,0,true,31,31,{},77
nba_og_anunoby,OG Anunoby,NY,Indiana,,SF,2017,2025,0,,0,true,8,8,{},50
nba_luke_kennard,Luke Kennard,ATL,Duke,,SG,2017,2025,0,,0,true,3,3,{},22
nba_donovan_mitchell,Donovan Mitchell,CLE,Louisville,,SG,2017,2025,0,,0,true,45,45,{},55
nba_thomas_bryant,Thomas Bryant,CLE,Indiana,,C,2017,2025,0,,0,true,3,3,{},4
nba_josh_hart,Josh Hart,NY,Villanova,,SF,2017,2025,0,,0,true,3,3,{},42
nba_derrick_white,Derrick White,BOS,Colorado,,SG,2017,2025,0,,0,true,9,9,{},73
nba_tony_bradley,Tony Bradley,IND,North Carolina,,C,2018,2025,0,,0,true,13,13,{},0
nba_kyle_kuzma,Kyle Kuzma,MIL,Utah,,PF,2017,2025,0,,0,true,,,{},70
nba_dillon_brooks,Dillon Brooks,PHO,Oregon,,SF,2017,2025,0,,0,true,3,3,{},72
nba_isaiah_hartenstein,Isaiah Hartenstein,OKC,None,,C,2018,2025,0,,0,true,55,55,{},49
nba_chris_boucher,Chris Boucher,BOS,Oregon,,PF,2017,2025,0,,0,true,25,25,{},0
nba_nigel_hayes,Nigel Hayes,PHO,Wisconsin,,SF,2024,2025,0,,0,true,40,40,{},0
nba_luke_kornet,Luke Kornet,SA,Vanderbilt,,C,2017,2025,0,,0,true,7,7,{},6
nba_maxi_kleber,Maxi Kleber,LAL,None,,C,2017,2025,0,,0,true,14,14,{},7
nba_royce_o_neale,Royce O'Neale,PHO,Baylor,,PF,2017,2025,0,,0,true,,,{},14
nba_luka_dončić,Luka Dončić,LAL,None,,PG,2018,2025,0,,0,true,77,77,{},70
nba_mo_bamba,Mo Bamba,UTA,Texas,,C,2018,2025,0,,0,true,11,11,{},17
nba_grayson_allen,Grayson Allen,PHO,Duke,,SF,2018,2025,0,,0,true,8,8,{},74
nba_donte_divincenzo,Donte DiVincenzo,MIN,Villanova,,SG,2018,2025,0,,0,true,,,{},63
nba_michael_porter_jr,Michael Porter Jr.,BKN,Missouri,,SF,2019,2025,0,,0,true,17,17,{},81
nba_trae_young,Trae Young,ATL,Oklahoma,,PG,2018,2025,0,,0,true,11,11,{},54
nba_deandre_ayton,Deandre Ayton,LAL,Arizona,,C,2018,2025,0,,0,true,5,5,{},55
nba_jaren_jackson_jr,Jaren Jackson Jr.,MEM,Michigan State,,PF,2018,2025,0,,0,true,8,8,{},66
nba_kevin_huerter,Kevin Huerter,CHI,Maryland,,SG,2018,2025,0,,0,true,13,13,{},59
nba_marvin_bagley_iii,Marvin Bagley III,WAS,Duke,,PF,2018,2025,0,,0,true,35,35,{},25
nba_wendell_carter_jr,Wendell Carter Jr.,ORL,Duke,,C,2018,2025,0,,0,true,34,34,{},48
nba_collin_sexton,Collin Sexton,CHA,Alabama,,PG,2018,2025,0,,0,true,8,8,{},51
nba_mikal_bridges,Mikal Bridges,NY,Villanova,,SF,2018,2025,0,,0,true,25,25,{},82
nba_shai_gilgeous_alexander,Shai Gilgeous-Alexander,OKC,Kentucky,,PG,2018,2025,0,,0,true,2,2,{},75
nba_miles_bridges,Miles Bridges,CHA,Michigan State,,SF,2019,2025,0,,0,true,,,{},67
nba_aaron_holiday,Aaron Holiday,HOU,UCLA,,PG,2018,2025,0,,0,true,,,{},1
nba_josh_okogie,Josh Okogie,HOU,Georgia Tech,,SG,2018,2025,0,,0,true,20,20,{},11
nba_anfernee_simons,Anfernee Simons,BOS,None,IMG Academy (FL),SG,2018,2025,0,,0,true,4,4,{},46
nba_jarred_vanderbilt,Jarred Vanderbilt,LAL,Kentucky,,SF,2018,2025,0,,0,true,2,2,{},6
nba_mitchell_robinson,Mitchell Robinson,NY,Western Kentucky,,C,2018,2025,0,,0,true,23,23,{},21
nba_landry_shamet,Landry Shamet,NY,Wichita State,,SG,2018,2025,0,,0,true,44,44,{},5
nba_robert_williams_iii,Robert Williams III,POR,Texas A&M,,C,2018,2025,0,,0,true,35,35,{},0
nba_gary_trent_jr,Gary Trent Jr.,MIL,Duke,,SG,2018,2025,0,,0,true,5,5,{},41
nba_jevon_carter,Jevon Carter,CHI,West Virginia,,SG,2018,2025,0,,0,true,5,5,{},0
nba_jalen_brunson,Jalen Brunson,NY,Villanova,,PG,2018,2025,0,,0,true,11,11,{},77
nba_svi_mykhailiuk,Svi Mykhailiuk,UTA,Kansas,,SF,2018,2025,0,,0,true,10,10,{},2
nba_moritz_wagner,Moritz Wagner,ORL,Michigan,,C,2018,2025,0,,0,true,21,21,{},1
nba_alize_johnson,Alize Johnson,MIN,Missouri State,,PF,2021,2025,0,,0,true,,,{},0
nba_bruce_brown,Bruce Brown,DEN,Miami (FL),,SG,2018,2025,0,,0,true,11,11,{},44
nba_drew_eubanks,Drew Eubanks,SAC,Oregon State,,C,2018,2025,0,,0,true,19,19,{},6
nba_kenrich_williams,Kenrich Williams,OKC,TCU,,PF,2018,2025,0,,0,true,34,34,{},1
nba_duncan_robinson,Duncan Robinson,DET,Michigan,,SG,2018,2025,0,,0,true,55,55,{},35
nba_jordan_mclaughlin,Jordan McLaughlin,SA,Southern California,,PG,2019,2025,0,,0,true,,,{},0
nba_malcolm_hill,Malcolm Hill,PHI,Illinois,,SF,2023,2025,0,,0,true,,,{},0
nba_duop_reath,Duop Reath,POR,Louisiana State,,C,2023,2025,0,,0,true,26,26,{},20
nba_jock_landale,Jock Landale,MEM,St. Mary's,,C,2021,2025,0,,0,true,,,{},3
nba_haywood_highsmith,Haywood Highsmith,BKN,Wheeling Jesuit,,SF,2020,2025,0,,0,true,7,7,{},26
nba_javonte_green,Javonte Green,DET,Radford,,SG,2019,2025,0,,0,true,31,31,{},5
nba_jae_sean_tate,Jae'Sean Tate,HOU,Ohio State,,SF,2020,2025,0,,0,true,8,8,{},9
nba_gabe_vincent,Gabe Vincent,LAL,California-Santa Barbara,,PG,2019,2025,0,,0,true,7,7,{},0
nba_ja_morant,Ja Morant,MEM,Murray State,,PG,2019,2025,0,,0,true,12,12,{},9
nba_de_andre_hunter,De'Andre Hunter,CLE,Virginia,,SF,2019,2025,0,,0,true,12,12,{},37
nba_darius_garland,Darius Garland,CLE,Vanderbilt,,PG,2019,2025,0,,0,true,10,10,{},57
nba_zion_williamson,Zion Williamson,NO,Duke,,PF,2020,2025,0,,0,true,1,1,{},70
nba_rj_barrett,RJ Barrett,TOR,Duke,,SG,2019,2025,0,,0,true,9,9,{},58
nba_jaxson_hayes,Jaxson Hayes,LAL,Texas,,C,2019,2025,0,,0,true,11,11,{},5
nba_rui_hachimura,Rui Hachimura,LAL,Gonzaga,,PF,2019,2025,0,,0,true,28,28,{},39
nba_grant_williams,Grant Williams,CHA,Tennessee,,PF,2019,2025,0,,0,true,2,2,{},43
nba_p_j_washington,P.J. Washington,DAL,Kentucky,,PF,2019,2025,0,,0,true,25,25,{},45
nba_coby_white,Coby White,CHI,North Carolina,,SG,2019,2025,0,,0,true,,,{},78
nba_goga_bitadze,Goga Bitadze,ORL,None,,C,2019,2025,0,,0,true,35,35,{},33
nba_brandon_clarke,Brandon Clarke,MEM,Gonzaga,,PF,2019,2025,0,,0,true,15,15,{},1
nba_tyler_herro,Tyler Herro,MIA,Kentucky,,SG,2019,2025,0,,0,true,14,14,{},40
nba_nickeil_alexander_walker,Nickeil Alexander-Walker,ATL,Virginia Tech,,SG,2019,2025,0,,0,true,7,7,{},20
nba_matisse_thybulle,Matisse Thybulle,POR,Washington,,SG,2019,2025,0,,0,true,4,4,{},19
nba_cameron_johnson,Cameron Johnson,DEN,North Carolina,,PF,2019,2025,0,,0,true,23,23,{},47
nba_nicolas_claxton,Nicolas Claxton,BKN,Georgia,,C,2019,2025,0,,0,true,33,33,{},71
nba_kevin_porter_jr,Kevin Porter Jr.,MIL,Southern California,,PG,2020,2025,0,,0,true,7,7,{},0
nba_jordan_poole,Jordan Poole,NO,Michigan,,PG,2019,2025,0,,0,true,3,3,{},66
nba_ty_jerome,Ty Jerome,MEM,Virginia,,PG,2019,2025,0,,0,true,2,2,{},0
nba_keldon_johnson,Keldon Johnson,SA,Kentucky,,SF,2019,2025,0,,0,true,3,3,{},27
nba_terance_mann,Terance Mann,BKN,Florida State,,PG,2019,2025,0,,0,true,14,14,{},71
nba_jalen_mcdaniels,Jalen McDaniels,NO,San Diego State,,PF,2019,2025,0,,0,true,,,{},1
nba_john_konchar,John Konchar,MEM,Indiana-Purdue Fort Wayne,,SG,2019,2025,0,,0,true,46,46,{},23
nba_daniel_gafford,Daniel Gafford,DAL,Arkansas,,C,2019,2025,0,,0,true,21,21,{},66
nba_dean_wade,Dean Wade,CLE,Kansas State,,PF,2019,2025,0,,0,true,32,32,{},32
nba_naz_reid,Naz Reid,MIN,Louisiana State,,C,2019,2025,0,,0,true,11,11,{},14
nba_luguentz_dort,Luguentz Dort,OKC,Arizona State,,SF,2019,2025,0,,0,true,5,5,{},79
nba_max_strus,Max Strus,CLE,DePaul,,SG,2019,2025,0,,0,true,1,1,{},70
nba_moses_brown,Moses Brown,DEN,UCLA,,C,2019,2025,0,,0,true,34,34,{},5
nba_amir_coffey,Amir Coffey,MIL,Minnesota,,PF,2019,2025,0,,0,true,17,17,{},13
nba_charlie_brown_jr,Charlie Brown Jr.,MEM,St. Joseph's (PA),,SG,2021,2025,0,,0,true,,,{},0
nba_garrison_mathews,Garrison Mathews,NY,Lipscomb,,SG,2019,2025,0,,0,true,14,14,{},5
nba_caleb_martin,Caleb Martin,DAL,Nevada,,PF,2019,2025,0,,0,true,16,16,{},23
nba_terence_davis,Terence Davis,SAC,Ole Miss,,SG,2020,2025,0,,0,true,,,{},0
nba_anthony_edwards,Anthony Edwards,MIN,Georgia,,SG,2020,2025,0,,0,true,5,5,{},78
nba_james_wiseman,James Wiseman,IND,Memphis,,C,2021,2025,0,,0,true,11,11,{},6
nba_lamelo_ball,LaMelo Ball,CHA,None,Chino Hills (CA),PG,2020,2025,0,,0,true,1,1,{},22
nba_patrick_williams,Patrick Williams,CHI,Florida State,,PF,2020,2025,0,,0,true,44,44,{},30
nba_isaac_okoro,Isaac Okoro,CHI,Auburn,,SF,2020,2025,0,,0,true,35,35,{},42
nba_onyeka_okongwu,Onyeka Okongwu,ATL,Southern California,,C,2020,2025,0,,0,true,17,17,{},8
nba_killian_hayes,Killian Hayes,CLE,None,,PG,2020,2025,0,,0,true,,,{},31
nba_obi_toppin,Obi Toppin,IND,Dayton,,PF,2020,2025,0,,0,true,1,1,{},28
nba_deni_avdija,Deni Avdija,POR,None,,SF,2020,2025,0,,0,true,8,8,{},75
nba_jalen_smith,Jalen Smith,CHI,Maryland,,PF,2020,2025,0,,0,true,25,25,{},14
nba_devin_vassell,Devin Vassell,SA,Florida State,,SG,2020,2025,0,,0,true,24,24,{},62
nba_tyrese_haliburton,Tyrese Haliburton,IND,Iowa State,,PG,2020,2025,0,,0,true,,,{},68
nba_aaron_nesmith,Aaron Nesmith,IND,Vanderbilt,,PF,2020,2025,0,,0,true,23,23,{},47
nba_cole_anthony,Cole Anthony,MIL,North Carolina,,PG,2020,2025,0,,0,true,50,50,{},1
nba_isaiah_stewart,Isaiah Stewart,DET,Washington,,PF,2020,2025,0,,0,true,28,28,{},45
nba_josh_green,Josh Green,CHA,Arizona,,SF,2020,2025,0,,0,true,10,10,{},33
nba_saddiq_bey,Saddiq Bey,NO,Villanova,,PF,2021,2025,0,,0,true,41,41,{},51
nba_precious_achiuwa,Precious Achiuwa,MIA,Memphis,,PF,2020,2025,0,,0,true,8,8,{},18
nba_tyrese_maxey,Tyrese Maxey,PHI,Kentucky,,PG,2020,2025,0,,0,true,,,{},70
nba_zeke_nnaji,Zeke Nnaji,DEN,Arizona,,C,2020,2025,0,,0,true,22,22,{},0
nba_immanuel_quickley,Immanuel Quickley,TOR,Kentucky,,PG,2020,2025,0,,0,true,5,5,{},38
nba_payton_pritchard,Payton Pritchard,BOS,Oregon,,PG,2020,2025,0,,0,true,11,11,{},5
nba_jaden_mcdaniels,Jaden McDaniels,MIN,Washington,,PF,2020,2025,0,,0,true,3,3,{},71
nba_desmond_bane,Desmond Bane,ORL,TCU,,SG,2020,2025,0,,0,true,3,3,{},42
nba_xavier_tillman,Xavier Tillman,BOS,Michigan State,,C,2020,2025,0,,0,true,26,26,{},14
nba_vít_krejčí,Vít Krejčí,ATL,None,,SG,2021,2025,0,,0,true,27,27,{},14
nba_tre_jones,Tre Jones,CHI,Duke,,PG,2020,2025,0,,0,true,30,30,{},48
nba_nick_richards,Nick Richards,PHO,Kentucky,,C,2020,2025,0,,0,true,2,2,{},51
nba_isaiah_joe,Isaiah Joe,OKC,Arkansas,,SG,2020,2025,0,,0,true,11,11,{},1
nba_paul_reed,Paul Reed,DET,DePaul,,PF,2020,2025,0,,0,true,7,7,{},24
nba_sam_merrill,Sam Merrill,CLE,Utah State,,SG,2020,2025,0,,0,true,5,5,{},1
nba_naji_marshall,Naji Marshall,DAL,Xavier,,SF,2020,2025,0,,0,true,13,13,{},1
nba_anthony_gill,Anthony Gill,WAS,Virginia,,PF,2020,2025,0,,0,true,,,{},3
nba_kevon_harris,Kevon Harris,HOU,Stephen F. Austin,,SG,2023,2025,0,,0,true,,,{},0
nba_kylor_kelley,Kylor Kelley,LAL,Oregon State,,C,2024,2025,0,,0,true,,,{},0
nba_corey_kispert,Corey Kispert,WAS,Gonzaga,,SF,2021,2025,0,,0,true,24,24,{},22
nba_jaden_springer,Jaden Springer,NO,Tennessee,,SG,2021,2025,0,,0,true,9,9,{},2
nba_franz_wagner,Franz Wagner,ORL,Michigan,,SF,2021,2025,0,,0,true,22,22,{},72
nba_moses_moody,Moses Moody,GS,Arkansas,,SG,2021,2025,0,,0,true,4,4,{},9
nba_ziaire_williams,Ziaire Williams,BKN,Stanford,,SF,2021,2025,0,,0,true,1,1,{},15
nba_jalen_johnson,Jalen Johnson,ATL,Duke,,PF,2021,2025,0,,0,true,1,1,{},52
nba_cam_thomas,Cam Thomas,BKN,Louisiana State,,SG,2021,2025,0,,0,true,24,24,{},51
nba_jared_butler,Jared Butler,PHO,Baylor,,SG,2021,2025,0,,0,true,25,25,{},0
nba_sharife_cooper,Sharife Cooper,WAS,Auburn,,PG,2024,2025,0,,0,true,,,{},0
nba_jonathan_kuminga,Jonathan Kuminga,GS,None,The Patrick School (NJ),PF,2021,2025,0,,0,true,,,{},46
nba_scottie_barnes,Scottie Barnes,TOR,Florida State,,SF,2021,2025,0,,0,true,4,4,{},60
nba_davion_mitchell,Davion Mitchell,MIA,Baylor,,PG,2021,2025,0,,0,true,45,45,{},4
nba_josh_giddey,Josh Giddey,CHI,None,Australian Institute of Sport (Australia),SG,2021,2025,0,,0,true,3,3,{},80
nba_alperen_sengün,Alperen Sengün,HOU,None,,C,2021,2025,0,,0,true,28,28,{},63
nba_cade_cunningham,Cade Cunningham,DET,Oklahoma State,,PG,2021,2025,0,,0,true,2,2,{},62
nba_jalen_green,Jalen Green,PHO,None,Pacific Prep (CA),SG,2021,2025,0,,0,true,4,4,{},82
nba_evan_mobley,Evan Mobley,CLE,Southern California,,PF,2021,2025,0,,0,true,4,4,{},50
nba_jalen_suggs,Jalen Suggs,ORL,Gonzaga,,SG,2021,2025,0,,0,true,4,4,{},75
nba_isaiah_jackson,Isaiah Jackson,IND,Kentucky,,PF,2021,2025,0,,0,true,22,22,{},3
nba_ayo_dosunmu,Ayo Dosunmu,CHI,Illinois,,PG,2021,2025,0,,0,true,11,11,{},37
nba_tre_mann,Tre Mann,CHA,Florida,,PG,2021,2025,0,,0,true,23,23,{},28
nba_neemias_queta,Neemias Queta,BOS,Utah State,,C,2021,2025,0,,0,true,88,88,{},1
nba_quentin_grimes,Quentin Grimes,PHI,Houston,,SG,2021,2025,0,,0,true,5,5,{},18
nba_luka_garza,Luka Garza,BOS,Iowa,,C,2021,2025,0,,0,true,52,52,{},0
nba_sam_hauser,Sam Hauser,BOS,Virginia,,SF,2021,2025,0,,0,true,30,30,{},13
nba_jason_preston,Jason Preston,LAC,Ohio,,PG,2023,2025,0,,0,true,,,{},0
nba_jericho_sims,Jericho Sims,MIL,Texas,,C,2021,2025,0,,0,true,,,{},11
nba_miles_mcbride,Miles McBride,NY,West Virginia,,PG,2021,2025,0,,0,true,2,2,{},14
nba_isaiah_livers,Isaiah Livers,PHO,Michigan,,SF,2022,2025,0,,0,true,18,18,{},6
nba_day_ron_sharpe,Day'Ron Sharpe,BKN,North Carolina,,C,2021,2025,0,,0,true,20,20,{},1
nba_herbert_jones,Herbert Jones,NO,Alabama,,SF,2021,2025,0,,0,true,2,2,{},76
nba_trey_murphy_iii,Trey Murphy III,NO,Virginia,,SF,2021,2025,0,,0,true,25,25,{},23
nba_bones_hyland,Bones Hyland,MIN,Virginia Commonwealth,,PG,2021,2025,0,,0,true,8,8,{},5
nba_charles_bassey,Charles Bassey,ATL,Western Kentucky,,C,2021,2025,0,,0,true,28,28,{},0
nba_sandro_mamukelashvili,Sandro Mamukelashvili,TOR,Seton Hall,,PF,2021,2025,0,,0,true,54,54,{},5
nba_santi_aldama,Santi Aldama,MEM,Loyola-Maryland,,PF,2021,2025,0,,0,true,7,7,{},35
nba_kessler_edwards,Kessler Edwards,DEN,Pepperdine,,SF,2021,2025,0,,0,true,20,20,{},0
nba_aaron_wiggins,Aaron Wiggins,OKC,Maryland,,SG,2021,2025,0,,0,true,21,21,{},4
nba_austin_reaves,Austin Reaves,LAL,Oklahoma,,SG,2021,2025,0,,0,true,15,15,{},57
nba_trendon_watford,Trendon Watford,PHI,Louisiana State,,PF,2021,2025,0,,0,true,12,12,{},2
nba_a_j_lawson,A.J. Lawson,TOR,South Carolina,,SG,2022,2025,0,,0,true,,,{},0
nba_justin_champagnie,Justin Champagnie,WAS,Pittsburgh,,SG,2021,2025,0,,0,true,9,9,{},1
nba_ethan_thompson,Ethan Thompson,MIA,Oregon State,,SG,2025,2025,0,,0,true,,,{},0
nba_jose_alvarado,Jose Alvarado,NO,Georgia Tech,,PG,2021,2025,0,,0,true,15,15,{},0
nba_jay_huff,Jay Huff,IND,Virginia,,C,2021,2025,0,,0,true,32,32,{},0
nba_jordan_goodwin,Jordan Goodwin,PHO,St. Louis,,PG,2021,2025,0,,0,true,23,23,{},12
nba_david_duke_jr,David Duke Jr.,PHO,Providence,,SG,2021,2025,0,,0,true,17,17,{},0
nba_keaton_wallace,Keaton Wallace,ATL,Texas-San Antonio,,SG,2024,2025,0,,0,true,2,2,{},0
nba_dru_smith,Dru Smith,MIA,Missouri,,PG,2022,2025,0,,0,true,12,12,{},0
nba_matt_ryan,Matt Ryan,NY,Chattanooga,,SF,2021,2025,0,,0,true,37,37,{},1
nba_brandon_williams,Brandon Williams,DAL,Arizona,,PG,2022,2025,0,,0,true,10,10,{},0
nba_lindy_waters_iii,Lindy Waters III,SA,Oklahoma State,,SG,2021,2025,0,,0,true,43,43,{},0
nba_ochai_agbaji,Ochai Agbaji,TOR,Kansas,,SG,2022,2025,0,,0,true,30,30,{},28
nba_patrick_baldwin_jr,Patrick Baldwin Jr.,LAC,Milwaukee,,SF,2022,2025,0,,0,true,23,23,{},7
nba_paolo_banchero,Paolo Banchero,ORL,Duke,O'Dea,PF,2022,2025,0,,0,true,5,5,{},80
nba_dominick_barlow,Dominick Barlow,PHI,None,Dumont (NJ),PF,2022,2025,0,,0,true,25,25,{},1
nba_malaki_branham,Malaki Branham,WAS,Ohio State,,SG,2022,2025,0,,0,true,8,8,{},29
nba_christian_braun,Christian Braun,DEN,Kansas,,SG,2022,2025,0,,0,true,,,{},4
nba_kendall_brown,Kendall Brown,BOS,Baylor,,SG,2023,2025,0,,0,true,,,{},0
nba_chet_holmgren,Chet Holmgren,OKC,Gonzaga,,C,2023,2025,0,,0,true,7,7,{},82
nba_jabari_smith_jr,Jabari Smith Jr.,HOU,Auburn,,PF,2022,2025,0,,0,true,10,10,{},76
nba_jaden_ivey,Jaden Ivey,DET,Purdue,,SG,2022,2025,0,,0,true,23,23,{},61
nba_keegan_murray,Keegan Murray,SAC,Iowa,,PF,2022,2025,0,,0,true,13,13,{},77
nba_shaedon_sharpe,Shaedon Sharpe,POR,Kentucky,,SG,2022,2025,0,,0,true,17,17,{},25
nba_jalen_duren,Jalen Duren,DET,Memphis,,C,2022,2025,0,,0,true,,,{},60
nba_dyson_daniels,Dyson Daniels,ATL,None,Australian Institute of Sport (Australia),PG,2022,2025,0,,0,true,5,5,{},16
nba_bennedict_mathurin,Bennedict Mathurin,IND,Arizona,,SG,2022,2025,0,,0,true,,,{},19
nba_ousmane_dieng,Ousmane Dieng,OKC,None,Insep Academy (France),SF,2022,2025,0,,0,true,13,13,{},0
nba_jeremy_sochan,Jeremy Sochan,SA,Baylor,,PF,2022,2025,0,,0,true,10,10,{},73
nba_tari_eason,Tari Eason,HOU,Louisiana State,,SF,2022,2025,0,,0,true,17,17,{},0
nba_mark_williams,Mark Williams,PHO,Duke,,C,2022,2025,0,,0,true,15,15,{},19
nba_kennedy_chandler,Kennedy Chandler,PHI,Tennessee,,PG,2024,2025,0,,0,true,,,{},0
nba_blake_wesley,Blake Wesley,POR,Notre Dame,,SG,2022,2025,0,,0,true,1,1,{},3
nba_e_j_liddell,E.J. Liddell,BKN,Ohio State,,PF,2023,2025,0,,0,true,9,9,{},0
nba_nikola_jović,Nikola Jović,MIA,None,,SF,2022,2025,0,,0,true,5,5,{},38
nba_walker_kessler,Walker Kessler,UTA,Auburn,,C,2022,2025,0,,0,true,24,24,{},22
nba_trevor_keels,Trevor Keels,MIA,Duke,,SG,2024,2025,0,,0,true,8,8,{},0
nba_jaden_hardy,Jaden Hardy,DAL,None,Coronado High School (Nevada),SG,2022,2025,0,,0,true,1,1,{},7
nba_bryce_mcgowens,Bryce McGowens,NO,Nebraska,,SG,2022,2025,0,,0,true,11,11,{},14
nba_christian_koloko,Christian Koloko,LAL,Arizona,,C,2023,2025,0,,0,true,10,10,{},0
nba_jalen_williams,Jalen Williams,OKC,Santa Clara,,SF,2022,2025,0,,0,true,8,8,{},71
nba_dalen_terry,Dalen Terry,CHI,Arizona,,SF,2022,2025,0,,0,true,7,7,{},2
nba_julian_champagnie,Julian Champagnie,SA,St. John's,,SF,2022,2025,0,,0,true,30,30,{},59
nba_max_christie,Max Christie,DAL,MIchigan State,,SG,2022,2025,0,,0,true,,,{},7
nba_jd_davison,JD Davison,HOU,Alabama,,PG,2022,2025,0,,0,true,4,4,{},0
nba_moussa_diabaté,Moussa Diabaté,CHA,Michigan,,PF,2022,2025,0,,0,true,14,14,{},0
nba_keon_ellis,Keon Ellis,SAC,Alabama,,SG,2022,2025,0,,0,true,23,23,{},21
nba_ron_harper_jr,Ron Harper Jr.,BOS,Rutgers,,SF,2022,2025,0,,0,true,,,{},0
nba_caleb_houstan,Caleb Houstan,ATL,Michigan,,SG,2022,2025,0,,0,true,33,33,{},13
nba_jake_laravia,Jake LaRavia,LAL,Wake Forest,,PF,2022,2025,0,,0,true,12,12,{},6
nba_leonard_miller,Leonard Miller,MIN,None,Fort Erie International Academy,PF,2023,2025,0,,0,true,33,33,{},0
nba_josh_minott,Josh Minott,BOS,Memphis,,PF,2022,2025,0,,0,true,8,8,{},0
nba_andrew_nembhard,Andrew Nembhard,IND,Gonzaga,,PG,2022,2025,0,,0,true,2,2,{},47
nba_scotty_pippen_jr,Scotty Pippen Jr.,MEM,Vanderbilt,,PG,2022,2025,0,,0,true,1,1,{},16
nba_ryan_rollins,Ryan Rollins,MIL,Toledo,,SG,2022,2025,0,,0,true,13,13,{},0
nba_jabari_walker,Jabari Walker,PHI,Colorado,,PF,2022,2025,0,,0,true,33,33,{},23
nba_peyton_watson,Peyton Watson,DEN,UCLA,,SF,2022,2025,0,,0,true,8,8,{},4
nba_jaylin_williams,Jaylin Williams,OKC,Arkansas,,PF,2022,2025,0,,0,true,6,6,{},1
nba_vince_williams_jr,Vince Williams Jr.,MEM,Virginia Commonwealth,,SG,2022,2025,0,,0,true,5,5,{},33
nba_tyrese_martin,Tyrese Martin,BKN,Connecticut,,SG,2023,2025,0,,0,true,13,13,{},0
nba_karlo_matković,Karlo Matković,NO,None,,PF,2024,2025,0,,0,true,17,17,{},0
nba_gui_santos,Gui Santos,GS,None,,SF,2023,2025,0,,0,true,15,15,{},0
nba_luke_travers,Luke Travers,CLE,None,Willetton Senior High School (Australia),SF,2024,2025,0,,0,true,33,33,{},0
nba_lester_quinones,Lester Quinones,ORL,Memphis,,PG,2022,2025,0,,0,true,24,24,{},0
nba_collin_gillespie,Collin Gillespie,PHO,Villanova,,PG,2023,2025,0,,0,true,12,12,{},0
nba_jamaree_bouyea,Jamaree Bouyea,MIL,San Francisco,,SG,2022,2025,0,,0,true,15,15,{},0
nba_johnny_juzang,Johnny Juzang,MIN,UCLA,,SG,2022,2025,0,,0,true,,,{},5
nba_aj_green,AJ Green,MIL,Northern Iowa,,SG,2022,2025,0,,0,true,20,20,{},0
nba_nate_williams,Nate Williams,LAL,Buffalo,,SF,2022,2025,0,,0,true,,,{},0
nba_quenton_jackson,Quenton Jackson,IND,Texas A&M,,SG,2022,2025,0,,0,true,29,29,{},0
nba_tyson_etienne,Tyson Etienne,BKN,Wichita State,,PG,2024,2025,0,,0,true,10,10,{},0
nba_jared_rhoden,Jared Rhoden,TOR,Seton Hall,,SG,2022,2025,0,,0,true,,,{},0
nba_justin_minaya,Justin Minaya,ORL,Providence,,SG,2022,2025,0,,0,true,15,15,{},1
nba_alex_morales,Alex Morales,ORL,Wagner,,SG,2025,2025,0,,0,true,30,30,{},0
nba_orlando_robinson,Orlando Robinson,ORL,Fresno State,,C,2022,2025,0,,0,true,7,7,{},7
nba_jamal_cain,Jamal Cain,ORL,Oakland,,SF,2022,2025,0,,0,true,8,8,{},1
nba_simone_fontecchio,Simone Fontecchio,MIA,None,,SF,2022,2025,0,,0,true,,,{},43
nba_daeqwon_plowden,Daeqwon Plowden,SAC,Bowling Green,,SF,2024,2025,0,,0,true,29,29,{},0
nba_mouhamed_gueye,Mouhamed Gueye,ATL,Washington State,,PF,2023,2025,0,,0,true,18,18,{},0
nba_garrison_brooks,Garrison Brooks,NO,Mississippi State,,PF,2025,2025,0,,0,true,8,8,{},0
nba_victor_wembanyama,Victor Wembanyama,SA,None,,PF,2023,2025,0,,0,true,1,1,{},71
nba_brandon_miller,Brandon Miller,CHA,Alabama,,SF,2023,2025,0,,0,true,24,24,{},68
nba_scoot_henderson,Scoot Henderson,POR,None,Carlton J. Kell (GA),PG,2023,2025,0,,0,true,,,{},32
nba_amen_thompson,Amen Thompson,HOU,None,Pine Crest (FL),SG,2023,2025,0,,0,true,1,1,{},23
nba_jarace_walker,Jarace Walker,IND,Houston,,PF,2023,2025,0,,0,true,5,5,{},0
nba_ausar_thompson,Ausar Thompson,DET,None,Pine Crest (FL),SG,2023,2025,0,,0,true,9,9,{},38
nba_cam_whitmore,Cam Whitmore,WAS,Villanova,,SF,2023,2025,0,,0,true,1,1,{},2
nba_anthony_black,Anthony Black,ORL,Arkansas,,PG,2023,2025,0,,0,true,,,{},32
nba_gradey_dick,Gradey Dick,TOR,Kansas,,SG,2023,2025,0,,0,true,1,1,{},17
nba_taylor_hendricks,Taylor Hendricks,UTA,Central Florida,,PF,2023,2025,0,,0,true,,,{},23
nba_jordan_hawkins,Jordan Hawkins,NO,Connecticut,,SG,2023,2025,0,,0,true,24,24,{},10
nba_cason_wallace,Cason Wallace,OKC,Kentucky,,PG,2023,2025,0,,0,true,22,22,{},13
nba_keyonte_george,Keyonte George,UTA,Baylor,,SG,2023,2025,0,,0,true,3,3,{},44
nba_noah_clowney,Noah Clowney,BKN,Alabama,,PF,2023,2025,0,,0,true,21,21,{},4
nba_jett_howard,Jett Howard,ORL,Michigan,,SG,2023,2025,0,,0,true,13,13,{},0
nba_rayan_rupert,Rayan Rupert,POR,None,,SG,2023,2025,0,,0,true,21,21,{},12
nba_kobe_bufkin,Kobe Bufkin,BKN,Michigan,,PG,2023,2025,0,,0,true,44,44,{},0
nba_brice_sensabaugh,Brice Sensabaugh,UTA,Ohio State,,SF,2023,2025,0,,0,true,28,28,{},11
nba_bilal_coulibaly,Bilal Coulibaly,WAS,None,,SG,2023,2025,0,,0,true,,,{},15
nba_kris_murray,Kris Murray,POR,Iowa,,PF,2023,2025,0,,0,true,24,24,{},29
nba_dereck_lively_ii,Dereck Lively II,DAL,Duke,,C,2023,2025,0,,0,true,2,2,{},42
nba_dariq_whitehead,Dariq Whitehead,BKN,Duke,,SG,2023,2025,0,,0,true,,,{},0
nba_colby_jones,Colby Jones,DET,Xavier,,SG,2023,2025,0,,0,true,1,1,{},0
nba_andre_jackson_jr,Andre Jackson Jr.,MIL,Connecticut,,SG,2023,2025,0,,0,true,44,44,{},8
nba_jaime_jaquez_jr,Jaime Jaquez Jr.,MIA,UCLA,,SF,2023,2025,0,,0,true,11,11,{},20
nba_sidy_cissoko,Sidy Cissoko,POR,None,,SF,2023,2025,0,,0,true,91,91,{},0
nba_bobi_klintman,Bobi Klintman,DET,Wake Forest,,PF,2024,2025,0,,0,true,34,34,{},0
nba_gg_jackson_ii,GG Jackson II,MEM,South Carolina,,PF,2023,2025,0,,0,true,45,45,{},18
nba_trayce_jackson_davis,Trayce Jackson-Davis,GS,Indiana,,PF,2023,2025,0,,0,true,32,32,{},16
nba_emoni_bates,Emoni Bates,PHI,Eastern Michigan,,SF,2023,2025,0,,0,true,17,17,{},0
nba_olivier_maxence_prosper,Olivier-Maxence Prosper,MEM,Marquette,,PF,2023,2025,0,,0,true,18,18,{},1
nba_brandin_podziemski,Brandin Podziemski,GS,Santa Clara,,SG,2023,2025,0,,0,true,2,2,{},29
nba_marcus_sasser,Marcus Sasser,DET,Houston,,PG,2023,2025,0,,0,true,25,25,{},11
nba_ben_sheppard,Ben Sheppard,IND,Belmont,,SF,2023,2025,0,,0,true,26,26,{},1
nba_julian_strawther,Julian Strawther,DEN,Gonzaga,,SF,2023,2025,0,,0,true,3,3,{},0
nba_kobe_brown,Kobe Brown,LAC,Missouri,,PF,2023,2025,0,,0,true,24,24,{},0
nba_jalen_pickett,Jalen Pickett,DEN,Penn State,,SG,2023,2025,0,,0,true,24,24,{},0
nba_julian_phillips,Julian Phillips,CHI,Tennessee,,SF,2023,2025,0,,0,true,15,15,{},0
nba_hunter_tyson,Hunter Tyson,DEN,Clemson,,SF,2023,2025,0,,0,true,5,5,{},0
nba_jordan_walsh,Jordan Walsh,BOS,Arkansas,,SF,2023,2025,0,,0,true,27,27,{},1
nba_tristan_vukcevic,Tristan Vukcevic,WAS,None,,PF,2023,2025,0,,0,true,,,{},4
nba_jordan_miller,Jordan Miller,LAC,Miami (FL),,SF,2023,2025,0,,0,true,11,11,{},0
nba_jalen_wilson,Jalen Wilson,BKN,Kansas,,SF,2023,2025,0,,0,true,22,22,{},3
nba_toumani_camara,Toumani Camara,POR,Dayton,,SF,2023,2025,0,,0,true,33,33,{},49
nba_jaylen_clark,Jaylen Clark,MIN,UCLA,,PG,2024,2025,0,,0,true,22,22,{},0
nba_jalen_slawson,Jalen Slawson,IND,Furman,,PF,2024,2025,0,,0,true,,,{},0
nba_chris_livingston,Chris Livingston,MIL,Kentucky,,SF,2023,2025,0,,0,true,24,24,{},0
nba_colin_castleton,Colin Castleton,ORL,Florida,,C,2023,2025,0,,0,true,14,14,{},0
nba_marcus_bagley,Marcus Bagley,PHI,Arizona State,,SF,2024,2025,0,,0,true,,,{},0
nba_jaylen_martin,Jaylen Martin,PHI,None,Florida State University School,SF,2024,2025,0,,0,true,,,{},0
nba_jacob_toppin,Jacob Toppin,ATL,Kentucky,,SF,2023,2025,0,,0,true,,,{},0
nba_drew_timme,Drew Timme,BKN,Gonzaga,,PF,2024,2025,0,,0,true,26,26,{},0
nba_drew_peterson,Drew Peterson,CHA,Southern California,,PF,2023,2025,0,,0,true,9,9,{},0
nba_tevian_jones,Tevian Jones,LAL,Southern Utah,,PF,2025,2025,0,,0,true,,,{},0
nba_jazian_gortman,Jazian Gortman,OKC,None,Keenan High School,PG,2024,2025,0,,0,true,,,{},0
nba_oscar_tshiebwe,Oscar Tshiebwe,UTA,Kentucky,,PF,2023,2025,0,,0,true,34,34,{},0
nba_craig_porter_jr,Craig Porter Jr.,CLE,Wichita State,,PG,2023,2025,0,,0,true,9,9,{},6
nba_tosan_evbuomwan,Tosan Evbuomwan,NY,Princeton,,SF,2023,2025,0,,0,true,20,20,{},8
nba_pete_nance,Pete Nance,MIL,North Carolina,,PF,2023,2025,0,,0,true,35,35,{},0
nba_dexter_dennis,Dexter Dennis,SAC,Texas A&M,,SG,2024,2025,0,,0,true,,,{},0
nba_mouhamadou_gueye,Mouhamadou Gueye,CHI,Pittsburgh,,PF,2024,2025,0,,0,true,,,{},0
nba_damion_baugh,Damion Baugh,PHO,TCU,,SG,2024,2025,0,,0,true,30,30,{},0
nba_trey_jemison_iii,Trey Jemison III,NY,UAB,,C,2023,2025,0,,0,true,50,50,{},14
nba_donovan_clingan,Donovan Clingan,POR,Connecticut,,C,2024,2025,0,,0,true,23,23,{},0
nba_reed_sheppard,Reed Sheppard,HOU,Kentucky,,PG,2024,2025,0,,0,true,15,15,{},0
nba_stephon_castle,Stephon Castle,SA,Connecticut,,SG,2024,2025,0,,0,true,5,5,{},0
nba_rob_dillingham,Rob Dillingham,MIN,Kentucky,,PG,2024,2025,0,,0,true,4,4,{},0
nba_dalton_knecht,Dalton Knecht,LAL,Tennessee,,SG,2024,2025,0,,0,true,4,4,{},0
nba_cody_williams,Cody Williams,UTA,Colorado,,SF,2024,2025,0,,0,true,5,5,{},0
nba_devin_carter,Devin Carter,SAC,Providence,,PG,2024,2025,0,,0,true,22,22,{},0
nba_ja_kobe_walter,Ja'Kobe Walter,TOR,Baylor,,SG,2024,2025,0,,0,true,14,14,{},0
nba_jared_mccain,Jared McCain,PHI,Duke,,PG,2024,2025,0,,0,true,20,20,{},0
nba_zach_edey,Zach Edey,MEM,Purdue,,C,2024,2025,0,,0,true,14,14,{},0
nba_tristan_da_silva,Tristan da Silva,ORL,Colorado,,PF,2024,2025,0,,0,true,23,23,{},0
nba_johnny_furphy,Johnny Furphy,IND,Kansas,,SF,2024,2025,0,,0,true,12,12,{},0
nba_kyshawn_george,Kyshawn George,WAS,Miami (FL),,SF,2024,2025,0,,0,true,18,18,{},0
nba_kyle_filipowski,Kyle Filipowski,UTA,Duke,,C,2024,2025,0,,0,true,22,22,{},0
nba_isaiah_collier,Isaiah Collier,UTA,Southern California,,PG,2024,2025,0,,0,true,8,8,{},0
nba_bub_carrington,Bub Carrington,WAS,Pittsburgh,,PG,2024,2025,0,,0,true,7,7,{},0
nba_yves_missi,Yves Missi,NO,Baylor,,C,2024,2025,0,,0,true,21,21,{},0
nba_kel_el_ware,Kel'el Ware,MIA,Indiana,,C,2024,2025,0,,0,true,7,7,{},0
nba_baylor_scheierman,Baylor Scheierman,BOS,Creighton,,SG,2024,2025,0,,0,true,55,55,{},0
nba_justin_edwards,Justin Edwards,PHI,Kentucky,,SF,2024,2025,0,,0,true,11,11,{},0
nba_tyler_kolek,Tyler Kolek,NY,Marquette,,PG,2024,2025,0,,0,true,13,13,{},0
nba_kevin_mccullar_jr,Kevin McCullar Jr.,NY,Kansas,,SF,2024,2025,0,,0,true,9,9,{},0
nba_bronny_james_jr,Bronny James Jr.,LAL,Southern California,,PG,2024,2025,0,,0,true,9,9,{},0
nba_zaccharie_risacher,Zaccharie Risacher,ATL,None,,SF,2024,2025,0,,0,true,10,10,{},0
nba_ron_holland_ii,Ron Holland II,DET,None,Duncanville (TX),SF,2024,2025,0,,0,true,5,5,{},0
nba_alexandre_sarr,Alexandre Sarr,WAS,None,,PF,2024,2025,0,,0,true,20,20,{},0
nba_matas_buzelis,Matas Buzelis,CHI,None,,SF,2024,2025,0,,0,true,14,14,{},0
nba_nikola_topić,Nikola Topić,OKC,None,,PG,2025,2025,0,,0,true,44,44,{},0
nba_tidjane_salaün,Tidjane Salaün,CHA,None,None,PF,2024,2025,0,,0,true,31,31,{},0
nba_tyler_smith,Tyler Smith,MIL,None,,PF,2024,2025,0,,0,true,21,21,{},0
nba_daron_holmes_ii,DaRon Holmes II,DEN,Dayton,,PF,2025,2025,0,,0,true,14,14,{},0
nba_terrence_shannon_jr,Terrence Shannon Jr.,MIN,Illinois,,SG,2024,2025,0,,0,true,1,1,{},0
nba_ryan_dunn,Ryan Dunn,PHO,Virginia,,SF,2024,2025,0,,0,true,,,{},0
nba_jaylon_tyson,Jaylon Tyson,CLE,California,,SF,2024,2025,0,,0,true,20,20,{},0
nba_aj_johnson,AJ Johnson,WAS,None,,SG,2024,2025,0,,0,true,4,4,{},0
nba_pacôme_dadiet,Pacôme Dadiet,NY,None,,SF,2024,2025,0,,0,true,4,4,{},0
nba_dillon_jones,Dillon Jones,WAS,Weber State,,SF,2024,2025,0,,0,true,33,33,{},0
nba_jonathan_mogbo,Jonathan Mogbo,TOR,San Francisco,,PF,2024,2025,0,,0,true,2,2,{},0
nba_ajay_mitchell,Ajay Mitchell,OKC,California-Santa Barbara,,PG,2024,2025,0,,0,true,25,25,{},0
nba_jaylen_wells,Jaylen Wells,MEM,Washington State,,SF,2024,2025,0,,0,true,,,{},0
nba_oso_ighodaro,Oso Ighodaro,PHO,Marquette,,PF,2024,2025,0,,0,true,11,11,{},0
nba_adem_bona,Adem Bona,PHI,UCLA,,C,2024,2025,0,,0,true,30,30,{},0
nba_kj_simpson,KJ Simpson,CHA,Colorado,,PG,2024,2025,0,,0,true,25,25,{},0
nba_nikola_djurisic,Nikola Djurisic,ATL,None,,SF,2025,2025,0,,0,true,22,22,{},0
nba_pelle_larsson,Pelle Larsson,MIA,Arizona,,SG,2024,2025,0,,0,true,9,9,{},0
nba_jamal_shead,Jamal Shead,TOR,Houston,,PG,2024,2025,0,,0,true,23,23,{},0
nba_cam_christie,Cam Christie,LAC,Minnesota,,SG,2024,2025,0,,0,true,12,12,{},0
nba_antonio_reeves,Antonio Reeves,CHA,Kentucky,,SG,2024,2025,0,,0,true,12,12,{},0
nba_harrison_ingram,Harrison Ingram,SA,North Carolina,,SF,2024,2025,0,,0,true,55,55,{},0
nba_tristen_newton,Tristen Newton,MIN,Connecticut,,PG,2024,2025,0,,0,true,13,13,{},0
nba_enrique_freeman,Enrique Freeman,MIN,Akron,,PF,2024,2025,0,,0,true,25,25,{},0
nba_quinten_post,Quinten Post,GS,Boston College,,C,2024,2025,0,,0,true,21,21,{},0
nba_cam_spencer,Cam Spencer,MEM,Connecticut,,SG,2024,2025,0,,0,true,24,24,{},0
nba_anton_watson,Anton Watson,LAL,Gonzaga,,PF,2024,2025,0,,0,true,,,{},0
nba_ulrich_chomche,Ulrich Chomche,TOR,None,,C,2024,2025,0,,0,true,22,22,{},0
nba_ariel_hukporti,Ariel Hukporti,NY,None,,C,2024,2025,0,,0,true,55,55,{},0
nba_pj_hall,PJ Hall,MEM,Clemson,,C,2024,2025,0,,0,true,16,16,{},0
nba_trey_alexander,Trey Alexander,NO,Creighton,,SG,2024,2025,0,,0,true,23,23,{},0
nba_keshad_johnson,Keshad Johnson,MIA,Arizona,,PF,2024,2025,0,,0,true,16,16,{},0
nba_n_faly_dante,N'Faly Dante,ATL,Oregon,,C,2024,2025,0,,0,true,12,12,{},0
nba_isaiah_crawford,Isaiah Crawford,HOU,Louisiana Tech,,SF,2024,2025,0,,0,true,27,27,{},0
nba_reece_beekman,Reece Beekman,ORL,Virginia,,PG,2024,2025,0,,0,true,26,26,{},0
nba_isaac_jones,Isaac Jones,SAC,Washington State,,PF,2024,2025,0,,0,true,3,3,{},0
nba_daniss_jenkins,Daniss Jenkins,DET,St. John's,,PG,2024,2025,0,,0,true,24,24,{},0
nba_trentyn_flowers,Trentyn Flowers,LAC,None,,SG,2024,2025,0,,0,true,9,9,{},0
nba_branden_carlson,Branden Carlson,OKC,Utah,,C,2024,2025,0,,0,true,15,15,{},0
nba_david_jones_garcia,David Jones-Garcia,SA,Memphis,,PF,2025,2025,0,,0,true,25,25,{},0
nba_malevy_leons,Malevy Leons,OKC,Bradley,,PF,2024,2025,0,,0,true,,,{},0
nba_jamison_battle,Jamison Battle,TOR,Ohio State,,PF,2024,2025,0,,0,true,77,77,{},0
nba_tyrese_samuel,Tyrese Samuel,PHO,Florida,,PF,2025,2025,0,,0,true,19,19,{},0
nba_tristan_enaruna,Tristan Enaruna,CLE,Cleveland State,,SF,2025,2025,0,,0,true,,,{},0
nba_rayj_dennis,RayJ Dennis,IND,Baylor,,SG,2024,2025,0,,0,true,10,10,{},0
nba_jahmir_young,Jahmir Young,MIA,Maryland,,PG,2024,2025,0,,0,true,,,{},0
nba_gabe_mcglothan,Gabe McGlothan,IND,Grand Canyon,,PF,2025,2025,0,,0,true,,,{},0
nba_isaiah_stevens,Isaiah Stevens,SAC,Colorado State,,PG,2024,2025,0,,0,true,40,40,{},0
nba_cormac_ryan,Cormac Ryan,MIL,North Carolina,,SG,2025,2025,0,,0,true,,,{},0
nba_jackson_rowe,Jackson Rowe,GS,Cal State Fullerton,,PF,2024,2025,0,,0,true,44,44,{},0
nba_jamarion_sharp,Jamarion Sharp,DAL,Ole Miss,,C,2025,2025,0,,0,true,,,{},0
nba_riley_minix,Riley Minix,SA,Morehead State,,SF,2024,2025,0,,0,true,27,27,{},0
nba_emanuel_miller,Emanuel Miller,CHI,TCU,,PF,2024,2025,0,,0,true,20,20,{},0
nba_myron_gardner,Myron Gardner,MIA,Arkansas-Little Rock,,SF,2025,2025,0,,0,true,15,15,{},0
nba_elijah_harkless,Elijah Harkless,UTA,UNLV,,PG,2024,2025,0,,0,true,16,16,{},0
nba_nae_qwan_tomlin,Nae'Qwan Tomlin,CLE,Memphis,,PF,2024,2025,0,,0,true,30,30,{},0
nba_spencer_jones,Spencer Jones,DEN,Stanford,,PF,2024,2025,0,,0,true,21,21,{},0
nba_yuki_kawamura,Yuki Kawamura,CHI,None,,PG,2024,2025,0,,0,true,8,8,{},0
nba_tolu_smith,Tolu Smith,DET,Mississippi State,,PF,2024,2025,0,,0,true,35,35,{},0
nba_taran_armstrong,Taran Armstrong,GS,California Baptist,,PG,2025,2025,0,,0,true,1,1,{},0
nba_cooper_flagg,Cooper Flagg,DAL,Duke,,PF,2025,2025,0,,0,true,32,32,{},0
nba_dylan_harper,Dylan Harper,SA,Rutgers,,PG,2025,2025,0,,0,true,2,2,{},0
nba_ace_bailey,Ace Bailey,UTA,Rutgers,,SF,2025,2025,0,,0,true,19,19,{},0
nba_vj_edgecombe,VJ Edgecombe,PHI,Baylor,,SG,2025,2025,0,,0,true,77,77,{},0
nba_jeremiah_fears,Jeremiah Fears,NO,Oklahoma,,PG,2025,2025,0,,0,true,,,{},0
nba_tre_johnson,Tre Johnson,WAS,Texas,,SG,2025,2025,0,,0,true,12,12,{},0
nba_khaman_maluach,Khaman Maluach,PHO,Duke,,C,2025,2025,0,,0,true,10,10,{},0
nba_kon_knueppel,Kon Knueppel,CHA,Duke,,SG,2025,2025,0,,0,true,7,7,{},0
nba_kasparas_jakucionis,Kasparas Jakucionis,MIA,Illinois,,PG,2025,2025,0,,0,true,25,25,{},0
nba_derik_queen,Derik Queen,NO,Maryland,,C,2025,2025,0,,0,true,22,22,{},0
nba_collin_murray_boyles,Collin Murray-Boyles,TOR,South Carolina,,PF,2025,2025,0,,0,true,12,12,{},0
nba_egor_demin,Egor Demin,BKN,BYU,,PG,2025,2025,0,,0,true,8,8,{},0
nba_jase_richardson,Jase Richardson,ORL,Michigan State,,SG,2025,2025,0,,0,true,11,11,{},0
nba_will_riley,Will Riley,WAS,Illinois,,SF,2025,2025,0,,0,true,27,27,{},0
nba_danny_wolf,Danny Wolf,BKN,Michigan,,C,2025,2025,0,,0,true,2,2,{},0
nba_carter_bryant,Carter Bryant,SA,Arizona,,SF,2025,2025,0,,0,true,11,11,{},0
nba_asa_newell,Asa Newell,ATL,Georgia,,PF,2025,2025,0,,0,true,14,14,{},0
nba_liam_mcneeley,Liam McNeeley,CHA,Connecticut,,SF,2025,2025,0,,0,true,33,33,{},0
nba_thomas_sorber,Thomas Sorber,OKC,Georgetown,,PF,2025,2025,0,,0,true,12,12,{},0
nba_nique_clifford,Nique Clifford,SAC,Colorado State,,SF,2025,2025,0,,0,true,5,5,{},0
nba_walter_clayton_jr,Walter Clayton Jr.,UTA,Florida,,PG,2025,2025,0,,0,true,13,13,{},0
nba_rasheer_fleming,Rasheer Fleming,PHO,Saint Joseph's,,SF,2025,2025,0,,0,true,20,20,{},0
nba_adou_thiero,Adou Thiero,LAL,Arkansas,,SG,2025,2025,0,,0,true,1,1,{},0
nba_drake_powell,Drake Powell,BKN,North Carolina,,SG,2025,2025,0,,0,true,4,4,{},0
nba_ryan_kalkbrenner,Ryan Kalkbrenner,CHA,Creighton,,C,2025,2025,0,,0,true,11,11,{},0
nba_noa_essengue,Noa Essengue,CHI,None,,PF,2025,2025,0,,0,true,24,24,{},0
nba_kam_jones,Kam Jones,IND,Marquette,,PG,2025,2025,0,,0,true,7,7,{},0
nba_johni_broome,Johni Broome,PHI,Auburn,,C,2025,2025,0,,0,true,22,22,{},0
nba_joan_beringer,Joan Beringer,MIN,None,,C,2025,2025,0,,0,true,19,19,{},0
nba_nolan_traoré,Nolan Traoré,BKN,None,,PG,2025,2025,0,,0,true,88,88,{},0
nba_hugo_gonzález,Hugo González,BOS,None,,SF,2025,2025,0,,0,true,28,28,{},0
nba_ben_saraf,Ben Saraf,BKN,None,,PG,2025,2025,0,,0,true,77,77,{},0
nba_noah_penda,Noah Penda,ORL,None,,SF,2025,2025,0,,0,true,93,93,{},0
nba_cedric_coward,Cedric Coward,MEM,Washington State,,SG,2025,2025,0,,0,true,23,23,{},0
nba_yang_hansen,Yang Hansen,POR,None,,C,2025,2025,0,,0,true,16,16,{},0
nba_yanic_konan_niederhauser,Yanic Konan Niederhauser,LAC,Penn State,,C,2025,2025,0,,0,true,14,14,{},0
nba_tyrese_proctor,Tyrese Proctor,CLE,Duke,,SG,2025,2025,0,,0,true,24,24,{},0
nba_maxime_raynaud,Maxime Raynaud,SAC,Stanford,,C,2025,2025,0,,0,true,42,42,{},0
nba_chaz_lanier,Chaz Lanier,DET,Tennessee,,SG,2025,2025,0,,0,true,20,20,{},0
nba_sion_james,Sion James,CHA,Duke,,SG,2025,2025,0,,0,true,4,4,{},0
nba_koby_brea,Koby Brea,PHO,Kentucky,,SG,2025,2025,0,,0,true,14,14,{},0
nba_alijah_martin,Alijah Martin,TOR,Florida,,SG,2025,2025,0,,0,true,55,55,{},0
nba_bogoljub_markovic,Bogoljub Marković,MIL,None,,PF,2025,2025,0,,0,true,23,23,{},0
nba_micah_peavy,Micah Peavy,NO,Georgetown,,SF,2025,2025,0,,0,true,14,14,{},0
nba_jamir_watkins,Jamir Watkins,WAS,Florida State,,SG,2025,2025,0,,0,true,5,5,{},0
nba_brooks_barnhizer,Brooks Barnhizer,OKC,Northwestern,,SG,2025,2025,0,,0,true,23,23,{},0
nba_rocco_zikarsky,Rocco Zikarsky,MIN,None,,C,2025,2025,0,,0,true,44,44,{},0
nba_amari_williams,Amari Williams,BOS,Kentucky,,C,2025,2025,0,,0,true,77,77,{},0
nba_javon_small,Javon Small,MEM,West Virginia,,SG,2025,2025,0,,0,true,10,10,{},0
nba_kobe_sanders,Kobe Sanders,LAC,Nevada,,SG,2025,2025,0,,0,true,4,4,{},0
nba_mohamed_diawara,Mohamed Diawara,NY,None,,PF,2025,2025,0,,0,true,51,51,{},0
nba_alex_toohey,Alex Toohey,GS,None,,PF,2025,2025,0,,0,true,22,22,{},0
nba_john_tonje,John Tonje,UTA,Wisconsin,,SG,2025,2025,0,,0,true,17,17,{},0
nba_taelon_peter,Taelon Peter,IND,Liberty,,SG,2025,2025,0,,0,true,4,4,{},0
nba_lachlan_olbrich,Lachlan Olbrich,CHI,None,,PF,2025,2025,0,,0,true,47,47,{},0
nba_will_richard,Will Richard,GS,Florida,,SG,2025,2025,0,,0,true,3,3,{},0
nba_max_shulga,Max Shulga,BOS,Virginia Commonwealth,,SG,2025,2025,0,,0,true,29,29,{},0
nba_jahmai_mashack,Jahmai Mashack,GS,Tennessee,,SF,2025,2025,0,,0,true,,,{},0
nba_caleb_love,Caleb Love,POR,Arizona,,SG,2025,2025,0,,0,true,2,2,{},0
nba_chucky_hepburn,Chucky Hepburn,TOR,Louisville,Bellevue High School,PG,2025,2025,0,,0,true,24,24,{},0
nba_eric_dixon,Eric Dixon,LAL,Villanova,,SF,2025,2025,0,,0,true,98,98,{},0
nba_tamar_bates,Tamar Bates,DEN,Missouri,,PG,2025,2025,0,,0,true,7,7,{},0
nba_hunter_sallis,Hunter Sallis,PHI,Wake Forest,,SG,2025,2025,0,,0,true,45,45,{},0
nba_cj_huntley,CJ Huntley,PHO,Appalachian State,,PF,2025,2025,0,,0,true,22,22,{},0
nba_mark_sears,Mark Sears,MIL,Alabama,,PG,2025,2025,0,,0,true,19,19,{},0
nba_kadary_richmond,Kadary Richmond,WAS,Saint John's,Brewster Academy,SG,2025,2025,0,,0,true,,,{},0
nba_vladislav_goldin,Vladislav Goldin,MIA,Michigan,,C,2025,2025,0,,0,true,50,50,{},0
nba_steve_settle_iii,Steve Settle III,MIA,Temple,,PF,2025,2025,0,,0,true,,,{},0
nba_eli_john_ndiaye,Eli John Ndiaye,ATL,None,,PF,2025,2025,0,,0,true,30,30,{},0
nba_hunter_dickinson,Hunter Dickinson,NO,Michigan,,C,2025,2025,0,,0,true,4,4,{},0
nba_miles_kelly,Miles Kelly,DAL,Auburn,,SG,2025,2025,0,,0,true,5,5,{},0
nba_rj_luis_jr,RJ Luis Jr.,BOS,St. John's,,SF,2025,2025,0,,0,true,12,12,{},0
nba_ryan_nembhard,Ryan Nembhard,DAL,Gonzaga,,PG,2025,2025,0,,0,true,9,9,{},0
nba_dylan_cardwell,Dylan Cardwell,SAC,Auburn,,C,2025,2025,0,,0,true,,,{},0
nba_sean_pedulla,Sean Pedulla,POR,Ole Miss,,PG,2025,2025,0,,0,true,,,{},0
nba_steven_crowl,Steven Crowl,UTA,Wisconsin,,C,2025,2025,0,,0,true,25,25,{},0
nba_rj_davis,RJ Davis,LAL,North Carolina,,PG,2025,2025,0,,0,true,,,{},0
nba_moussa_cisse,Moussa Cisse,DAL,Memphis,,C,2025,2025,0,,0,true,45,45,{},0
nba_chaney_johnson,Chaney Johnson,CLE,Auburn,,PF,2025,2025,0,,0,true,,,{},0
nba_zakai_zeigler,Zakai Zeigler,DET,Tennessee,,PG,2025,2025,0,,0,true,,,{},0
nba_l_j_cryer,L.J. Cryer,GS,Houston,,PG,2025,2025,0,,0,true,,,{},0
nba_chance_mcmillian,Chance Mcmillian,GS,Texas Tech,,PG,2025,2025,0,,0,true,,,{},0
nba_cameron_matthews,Cameron Matthews,HOU,Mississippi State,,PF,2025,2025,0,,0,true,9,9,{},0
nba_john_poulakidas,John Poulakidas,LAC,Yale,,PF,2025,2025,0,,0,true,,,{},0
nba_jahmyl_telfort,Jahmyl Telfort,LAC,Butler,,PF,2025,2025,0,,0,true,,,{},0
nba_augustas_marciulionis,Augustas Marciulionis,LAL,Saint Mary's,,PG,2025,2025,0,,0,true,96,96,{},0
nba_oumar_ballo,Oumar Ballo,MIA,Indiana,,C,2025,2025,0,,0,true,,,{},0
nba_payton_sandfort,Payton Sandfort,OKC,Iowa,,PG,2025,2025,0,,0,true,,,{},0
nba_isaac_nogues,Isaac Nogues,SAC,None,,PG,2025,2025,0,,0,true,,,{},0
nba_cliff_omoruyi,Cliff Omoruyi,TOR,Alabama,,C,2025,2025,0,,0,true,,,{},0
nba_andrew_carr,Andrew Carr,POR,Kentucky,,PF,2025,2025,0,,0,true,,,{},0
nba_curtis_jones,Curtis Jones,DEN,Iowa State,,SG,2025,2025,0,,0,true,25,25,{},0
nba_norchad_omier,Norchad Omier,CLE,Baylor,,PF,2025,2025,0,,0,true,,,{},0
nba_keshon_gilbert,Keshon Gilbert,WAS,Iowa State,,PG,2025,2025,0,,0,true,,,{},0
nba_matthew_murrell,Matthew Murrell,UTA,Ole Miss,,PG,2025,2025,0,,0,true,15,15,{},0
nba_julian_reese,Julian Reese,LAL,Maryland,,PF,2025,2025,0,,0,true,,,{},0
nba_jonathan_pierre,Jonathan Pierre,WAS,Belmont,,PF,2025,2025,0,,0,true,,,{},0
nba_dawson_garcia,Dawson Garcia,DET,Minnesota,Prior Lake High School,PF,2025,2025,0,,0,true,,,{},0
nba_matthew_cleveland,Matthew Cleveland,DAL,Miami (FL),,SF,2025,2025,0,,0,true,35,35,{},0
nba_brice_williams,Brice Williams,DET,Nebraska,,SG,2025,2025,0,,0,true,,,{},0
nba_zack_austin,Zack Austin,OKC,Pittsburgh,,PF,2025,2025,0,,0,true,,,{},0
nba_ben_gregg,Ben Gregg,BOS,Connecticut,,PF,2025,2025,0,,0,true,,,{},0
nba_obinna_anochili_killen,Obinna Anochili-killen,DAL,Marshal,,PF,2025,2025,0,,0,true,,,{},0
nba_tj_madlock,TJ Madlock,DET,Alabama State,,PG,2025,2025,0,,0,true,,,{},0
nba_coleman_hawkins,Coleman Hawkins,GS,Kansas State,,SF,2025,2025,0,,0,true,,,{},0
nba_bez_mbeng,Bez Mbeng,GS,Yale,,PG,2025,2025,0,,0,true,,,{},0
nba_dain_dainja,Dain Dainja,MIA,Memphis,,PF,2025,2025,0,,0,true,,,{},0
nba_marcus_williams,Marcus Williams,MIA,San Francisco,,PG,2025,2025,0,,0,true,,,{},0
nba_erik_reynolds,Erik Reynolds,OKC,Saint Joseph,,PG,2025,2025,0,,0,true,,,{},0
nba_saint_thomas,Saint Thomas,PHI,USC,,SF,2025,2025,0,,0,true,,,{},0
nba_chibuzo_agbo,Chibuzo Agbo,SA,Southern California,,SF,2025,2025,0,,0,true,,,{},0
nba_cam_carter,Cam Carter,SA,Louisiana State,,PG,2025,2025,0,,0,true,,,{},0
nba_chris_mañon,Chris Mañon,LAL,Vanderbilt,,PG,2025,2025,0,,0,true,30,30,{},0
nba_tyler_burton,Tyler Burton,MEM,Villanova,,SF,2025,2025,0,,0,true,,,{},0
nba_lawson_lovering,Lawson Lovering,MEM,Utah,,C,2025,2025,0,,0,true,,,{},0
nba_chris_youngblood,Chris Youngblood,OKC,Alabama,,SG,2025,2025,0,,0,true,,,{},0
nba_daniel_batcho,Daniel Batcho,NY,Louisiana Tech,,C,2025,2025,0,,0,true,,,{},0
nba_christian_shumate,Christian Shumate,NO,McNeese State,,SF,2025,2025,0,,0,true,42,42,{},0
nba_fanbo_zeng,Fanbo Zeng,BKN,None,,PF,2025,2025,0,,0,true,12,12,{},0
